"source","source_full","commodity_code","commodity_name","commodity_definition","unit"
"IMF","IMF: Primary Commodity Price System","PAGRI","Agriculture","Agriculture Price Index, 2016 = 100, includes Food and Beverages and Agriculture Raw Materials Price Indices","Index (2016 = 100)"
"IMF","IMF: Primary Commodity Price System","PALLFNF","All index ","All Commodity Price Index, 2016 = 100, includes both Fuel and Non-Fuel Price Indices","Index (2016 = 100)"
"IMF","IMF: Primary Commodity Price System","PALLMETA","All Metals Index","All Metals Index, 2016 = 100: includes Metal Price Index (Base Metals) and Precious Metals Index","Index (2016 = 100)"
"IMF","IMF: Primary Commodity Price System","PALUM","Aluminum","Aluminum, 99.5% minimum purity, LME spot price, CIF UK ports, US$ per metric ton","US Dollars"
"IMF","IMF: Primary Commodity Price System","PAPPLE","Non-Citrus Fruit, Apple","Monthly average consumer prices in metropolitan France - Apples (1 Kg), EUR","US Dollars"
"IMF","IMF: Primary Commodity Price System","PBANSOP","Bananas ","Bananas, Central American and Ecuador, FOB U.S. Ports, US$ per metric ton","US Dollars"
"IMF","IMF: Primary Commodity Price System","PBARL","Barley","Barley, Canadian no.1 Western Barley, spot price, US$ per metric ton","US Dollars"
"IMF","IMF: Primary Commodity Price System","PBEEF","Beef ","Beef, Australian and New Zealand 85% lean fores, CIF U.S. import price, US cents per pound","US Dollars"
"IMF","IMF: Primary Commodity Price System","PBEVE","Beverages index ","Beverage Price Index, 2016 = 100, includes Coffee, Tea, and Cocoa","Index (2016 = 100)"
"IMF","IMF: Primary Commodity Price System","PCERE","Cereal  index","Cereals Price Index, 2016 = 100, includes Barley, Maize (Corn), Oats, Rice, Sorghum and Wheat","Index (2016 = 100)"
"IMF","IMF: Primary Commodity Price System","PCHANA","Legumes, Chickpea","MCX India Chana Spot, INR/100 Kgs","US Dollars"
"IMF","IMF: Primary Commodity Price System","PCHROM","Chromium","Chromium, #1 Chromium = 99.2%, 99A, Coarse Particle, Fine Particle, USD/metric ton","US Dollars"
"IMF","IMF: Primary Commodity Price System","PCOAL","Coal index ","Coal Price Index, 2016 = 100, includes Australian and South African Coal","Index (2016 = 100)"
"IMF","IMF: Primary Commodity Price System","PCOALAU","Coal, Australia","Coal, Australian thermal coal, 12,000- btu/pound, less than 1% sulfur, 14% ash, FOB Newcastle/Port Kembla, US$ per metric ton","US Dollars"
"IMF","IMF: Primary Commodity Price System","PCOALSA","Coal, South Africa ","Coal, South African export price, US$ per metric ton","US Dollars"
"IMF","IMF: Primary Commodity Price System","PCOBA","Cobalt ","Cobalt, U.S. cathodes, spot","US Dollars"
"IMF","IMF: Primary Commodity Price System","PCOCO","Cocoa","Cocoa beans, International Cocoa Organization cash price, CIF US and European ports, US$ per metric ton","US Dollars"
"IMF","IMF: Primary Commodity Price System","PCOFF","Coffee index ","Coffee Price Index, 2016 = 100, includes Other Mild Arabicas and Robusta","Index (2016 = 100)"
"IMF","IMF: Primary Commodity Price System","PCOFFOTM","Coffee, Other Mild Arabica ","Coffee, Other Mild Arabicas, International Coffee Organization New York cash price, ex-dock New York, US cents per pound","US Dollars"
"IMF","IMF: Primary Commodity Price System","PCOFFROB","Coffee, Robustas ","Coffee, Robusta, International Coffee Organization New York cash price, ex-dock New York, US cents per pound","US Dollars"
"IMF","IMF: Primary Commodity Price System","PCOIL","Coconut Oil ","Coconut Oil, Philippine/Indonesia origin, CIF Rotterdam, US$ per metric ton","US Dollars"
"IMF","IMF: Primary Commodity Price System","PCOPP","Copper ","Copper, grade A cathode, LME spot price, CIF European ports, US$ per metric ton","US Dollars"
"IMF","IMF: Primary Commodity Price System","PCOTTIND","Cotton ","Cotton, Cotton Outlook 'A Index', Middling 1-3/32 inch staple, CIF Liverpool, US cents per pound","US Dollars"
"IMF","IMF: Primary Commodity Price System","PDAP","Diammonium phosphate","US Gulf NOLA DAP Export Spot Price per MT, USD/metric tonne","US Dollars"
"IMF","IMF: Primary Commodity Price System","PENTM","Energy Transition Metal Index",,"Index (2016 = 100)"
"IMF","IMF: Primary Commodity Price System","PEXGALL","Commodities for Index: All, excluding Gold","Commodities for Index: All, excluding Gold, 2016 = 100","Index (2016 = 100)"
"IMF","IMF: Primary Commodity Price System","PEXGMETA","All Metals EX GOLD Index","All Metals EX GOLD Index, 2016 = 100: includes Metal Price Index (Base Metals) and ONLY Silver, Palladium, Platinum ","Index (2016 = 100)"
"IMF","IMF: Primary Commodity Price System","PFANDB","Food and beverage index","Food and Beverage Price Index, 2016 = 100, includes Food and Beverage Price Indices","Index (2016 = 100)"
"IMF","IMF: Primary Commodity Price System","PFERT","Fertilizer","Fertilizer Index, 2016 = 100, includes DAP, Potash, UREA","Index (2016 = 100)"
"IMF","IMF: Primary Commodity Price System","PFOOD","Food index ","Food Price Index, 2016 = 100, includes Cereal, Vegetable Oils, Meat, Seafood, Sugar, and Other Food (Apple (non-citrus fruit), Bananas, Chana (legumes), Fishmeal, Groundnuts, Milk (dairy), Tomato (veg)) Price Indices","Index (2016 = 100)"
"IMF","IMF: Primary Commodity Price System","PFSHMEAL","Fish Meal ","Fishmeal, Peru Fish meal/pellets 65% protein, CIF, US$ per metric ton","US Dollars"
"IMF","IMF: Primary Commodity Price System","PGASO","Gasoline ","Gasoline, Regular, unleaded, US Gulf, US cents per gallon","US Dollars"
"IMF","IMF: Primary Commodity Price System","PGNUTS","Groundnuts ","Groundnuts (peanuts), 40/50 (40 to 50 count per ounce), cif Argentina, US$ per metric ton","US Dollars"
"IMF","IMF: Primary Commodity Price System","PGOLD","Gold ","Gold, Fixing Committee of the London Bullion Market Association, London 3 PM fixed price, US$ per troy ounce","US Dollars"
"IMF","IMF: Primary Commodity Price System","PHARD","Hardwood index ","Hardwood Price Index, 2016 = 100, includes Hardwood Logs and Hardwood Sawn Price Indices","Index (2016 = 100)"
"IMF","IMF: Primary Commodity Price System","PHEATOIL","Heating Oil ","Heating Oil; US New York Harbor","US Dollars"
"IMF","IMF: Primary Commodity Price System","PHIDE","Hides ","Hides, Heavy native steers, over 53 pounds, wholesale dealer's price, US, Chicago, fob Shipping Point, US cents per pound","US Dollars"
"IMF","IMF: Primary Commodity Price System","PINDU","Industrial Materials index ","Industrial Inputs Price Index, 2016 = 100, includes Agricultural Raw Materials and Base Metals Price Indices","Index (2016 = 100)"
"IMF","IMF: Primary Commodity Price System","PIORECR","Iron Ore","China import Iron Ore Fines 62% FE spot (CFR Tianjin port), US dollars per metric ton","US Dollars"
"IMF","IMF: Primary Commodity Price System","PLAMB","Lamb ","Lamb, frozen carcass Smithfield London, US cents per pound","US Dollars"
"IMF","IMF: Primary Commodity Price System","PLEAD","Lead ","Lead, 99.97% pure, LME spot price, CIF European Ports, US$ per metric ton","US Dollars"
"IMF","IMF: Primary Commodity Price System","PLITH","Lithium","Lithium, 99% pure, industrial grade, battery grade, USD/metric ton","US Dollars"
"IMF","IMF: Primary Commodity Price System","PLMMODY","Molybdenum","Molybdenum, 57 to 63% purity contained in roasted molybdenum concentrate, LME spot price, USD/ton","US Dollars"
"IMF","IMF: Primary Commodity Price System","PLOGORE","Soft Logs ","Soft Logs, Average Export price from the U.S. for Douglas Fir, US$ per cubic meter","US Dollars"
"IMF","IMF: Primary Commodity Price System","PLOGSK","Hard Logs, Import Price Japan","Hard Logs, Best quality Malaysian meranti, import price Japan, US$ per cubic meter","US Dollars"
"IMF","IMF: Primary Commodity Price System","PMAIZMT","Corn ","Maize (corn), U.S. No.2 Yellow, FOB Gulf of Mexico, U.S. price, US$ per metric ton","US Dollars"
"IMF","IMF: Primary Commodity Price System","PMANGELE","Manganese","Manganese Electro CIF North West Europe, USD/metric ton","US Dollars"
"IMF","IMF: Primary Commodity Price System","PMEAT","Meat Index ","Meat Price Index, 2016 = 100, includes Beef, Lamb, Swine (pork), and Poultry Price Indices","Index (2016 = 100)"
"IMF","IMF: Primary Commodity Price System","PMETA","Metal index ","Metals Price Index, 2016 = 100, includes Aluminum, Cobalt, Copper, Iron Ore, Lead, Molybdenum, Nickel, Tin, Uranium and Zinc Price Indices","Index (2016 = 100)"
"IMF","IMF: Primary Commodity Price System","PMILK","Dairy Products, Milk","USDA Class 3 (formerly known as Basic Formula) Milk Spot Price, USD/cwt","US Dollars"
"IMF","IMF: Primary Commodity Price System","PNFUEL","Non-Fuel index ","Non-Fuel Price Index, 2016 = 100, includes Precious Metal, Food and Beverages and Industrial Inputs Price Indices","Index (2016 = 100)"
"IMF","IMF: Primary Commodity Price System","PNGAS","Natural gas index ","Natural Gas Price Index, 2016 = 100, includes European, Japanese, and American Natural Gas Price Indices","Index (2016 = 100)"
"IMF","IMF: Primary Commodity Price System","PNGASEU","Natural gas, EU ","Natural Gas, Netherlands TTF Natural Gas Forward Day Ahead, US$ per Million Metric British Thermal Unit.","US Dollars"
"IMF","IMF: Primary Commodity Price System","PNGASJP","LNG, Asia ","Natural Gas, Indonesian Liquefied Natural Gas in Japan, US$ per Million Metric British Thermal Unit","US Dollars"
"IMF","IMF: Primary Commodity Price System","PNGASUS","Natural Gas, US Henry Hub Gas","Natural Gas, Natural Gas spot price at the Henry Hub terminal in Louisiana, US$ per Million Metric British Thermal Unit","US Dollars"
"IMF","IMF: Primary Commodity Price System","PNICK","Nickel ","Nickel, melting grade, LME spot price, CIF European ports, US$ per metric ton","US Dollars"
"IMF","IMF: Primary Commodity Price System","PNRG","Energy index ","Fuel (Energy) Index, 2016 = 100, includes Crude oil (petroleum), Natural Gas, Coal Price and Propane Indices","Index (2016 = 100)"
"IMF","IMF: Primary Commodity Price System","POATS","Oats","Generic 1st 'O ' Future, USD/bushel","US Dollars"
"IMF","IMF: Primary Commodity Price System","POILAPSP","Crude Oil","Crude Oil (petroleum), Price index, 2016 = 100, simple average of three spot prices; Dated Brent, West Texas Intermediate, and the Dubai Fateh","US Dollars"
"IMF","IMF: Primary Commodity Price System","POILBRE","Brent Crude ","Crude Oil (petroleum),  Dated Brent, light blend 38 API, fob U.K., US$ per barrel","US Dollars"
"IMF","IMF: Primary Commodity Price System","POILDUB","Dubai Crude ","Crude Oil (petroleum), Dubai Fateh Fateh 32 API, US$ per barrel","US Dollars"
"IMF","IMF: Primary Commodity Price System","POILWTI","WTI Crude ","Crude Oil (petroleum), West Texas Intermediate 40 API, Midland Texas, US$ per barrel","US Dollars"
"IMF","IMF: Primary Commodity Price System","POLVOIL","Olive Oil ","Olive Oil, extra virgin less than 1% free fatty acid, ex-tanker price U.K., US$ per metric ton","US Dollars"
"IMF","IMF: Primary Commodity Price System","PORANG","Orange ","Generic 1st 'JO' Future, USD/lb","US Dollars"
"IMF","IMF: Primary Commodity Price System","PPALLA","Palladium","Palladium, LME spot price, USD/ troy ounce","US Dollars"
"IMF","IMF: Primary Commodity Price System","PPLAT","Platinum","Platinum, LME spot price, USD/troy ounce","US Dollars"
"IMF","IMF: Primary Commodity Price System","PPMETA","Precious Metals Price Index","Precious Metals Price Index, 2016 = 100, includes Gold, Silver, Palladium and Platinum Price Indices","Index (2016 = 100)"
"IMF","IMF: Primary Commodity Price System","PPOIL","Palm Oil ","Palm oil, Malaysia Palm Oil Futures (first contract forward) 4-5 percent FFA, US$ per metric ton","US Dollars"
"IMF","IMF: Primary Commodity Price System","PPORK","Swine ","Swine (pork), 51-52% lean Hogs, U.S. price, US cents per pound.","US Dollars"
"IMF","IMF: Primary Commodity Price System","PPOTASH","Potassium Fertilizer","Potassium Chloride (Muriate of Potash) Standard Grade: FOB Vancouver Spot Price, USD/metric tonne","US Dollars"
"IMF","IMF: Primary Commodity Price System","PPOULT","Poultry ","Poultry (chicken), Whole bird spot price, Ready-to-cook, whole, iced, Georgia docks, US cents per pound","US Dollars"
"IMF","IMF: Primary Commodity Price System","PPROPANE","Propane","North American Spot LPG Propane Price/Mont Belvieu LST","US Dollars"
"IMF","IMF: Primary Commodity Price System","PRAWM","Agr. Raw Material Index ","Agricultural Raw Materials Index, 2016 = 100, includes Timber, Cotton, Wool, Rubber, and Hides Price Indices","Index (2016 = 100)"
"IMF","IMF: Primary Commodity Price System","PREODOM","Rare Earth Elements","Rare earth carbonate REO 42-45% purity, USD/metric ton","US Dollars"
"IMF","IMF: Primary Commodity Price System","PRICENPQ","Rice, Thailand ","Rice, 5 percent broken milled white rice, Thailand nominal price quote, US$ per metric ton","US Dollars"
"IMF","IMF: Primary Commodity Price System","PROIL","Rapeseed Oil ","Rapeseed oil, crude, fob Rotterdam, US$ per metric ton","US Dollars"
"IMF","IMF: Primary Commodity Price System","PRUBB","Rubber ","Rubber, Singapore Commodity Exchange, No. 3 Rubber Smoked Sheets, 1st contract, US cents per pound","US Dollars"
"IMF","IMF: Primary Commodity Price System","PSALM","Fish ","Fish (salmon), Farm Bred Norwegian Salmon, export price, US$ per kilogram","US Dollars"
"IMF","IMF: Primary Commodity Price System","PSAWMAL","Hard Sawnwood, Dark Red Meranti ","Hard Sawnwood, Dark Red Meranti, select and better quality, C&F U.K port, US$ per cubic meter","US Dollars"
"IMF","IMF: Primary Commodity Price System","PSAWORE","Soft Sawnwood, Average of Softwoods, ","Soft Sawnwood, average export price of Douglas Fir, U.S. Price, US$ per cubic meter","US Dollars"
"IMF","IMF: Primary Commodity Price System","PSEAF","Seafood index ","Seafood Index, 2016 = 100, includes Fish (salmon) and Shrimp Price Indices","Index (2016 = 100)"
"IMF","IMF: Primary Commodity Price System","PSHRI","Shrimp ","Thailand Whiteleg Shrimp 70 Shrimps/Kg Spot Price","US Dollars"
"IMF","IMF: Primary Commodity Price System","PSILLUMP","Silicon","Silicon lumps, CIF North West Europe, USD/metric ton","US Dollars"
"IMF","IMF: Primary Commodity Price System","PSILVER","Silver","Silver, London Bullion Market Association, USD/troy ounce","US Dollars"
"IMF","IMF: Primary Commodity Price System","PSMEA","Soybean Meal ","Soybean Meal, Chicago Soybean Meal Futures (first contract forward) Minimum 48 percent protein, US$ per metric ton","US Dollars"
"IMF","IMF: Primary Commodity Price System","PSOFT","Softwood index ","Softwood Index, 2016 = 100, includes Softwood Sawn and Softwood Logs Price Indices","Index (2016 = 100)"
"IMF","IMF: Primary Commodity Price System","PSOIL","Soybeans Oil ","Soybean Oil, Chicago Soybean Oil Futures (first contract forward) exchange approved grades, US$ per metric ton","US Dollars"
"IMF","IMF: Primary Commodity Price System","PSORG","Sorghum ","Sorghum; U.S., Number 2 yellow, fob Gulf of Mexico, US cents per pound","US Dollars"
"IMF","IMF: Primary Commodity Price System","PSOYB","Soybeans ","Soybeans, U.S. soybeans, Chicago Soybean futures contract (first contract forward) No. 2 yellow and par, US$ per metric ton","US Dollars"
"IMF","IMF: Primary Commodity Price System","PSUGA","Sugar index ","Sugar Index, 2016 = 100, includes Free market, and U.S. Price Indices","Index (2016 = 100)"
"IMF","IMF: Primary Commodity Price System","PSUGAISA","Sugar, No. 11, World ","Sugar, Free Market, Coffee Sugar and Cocoa Exchange (CSCE) contract no.11 nearest future position, US cents per pound","US Dollars"
"IMF","IMF: Primary Commodity Price System","PSUGAUSA","Sugar, No. 16, US ","Sugar, U.S. import price, contract no.14 nearest futures position, US cents per pound (Footnote: No. 14 revised to No. 16)","US Dollars"
"IMF","IMF: Primary Commodity Price System","PSUNO","Sunflower Oil ","Sunflower oil, Sunflower Oil, US export price from Gulf of Mexico, US$ per metric ton","US Dollars"
"IMF","IMF: Primary Commodity Price System","PTEA","Tea, Kenyan ","Tea, Mombasa, Kenya, Auction Price, US cents per kilogram, From July 1998,Kenya auctions, Best Pekoe Fannings. Prior, London auctions, c.i.f. U.K. warehouses","US Dollars"
"IMF","IMF: Primary Commodity Price System","PTEAINDIA","Tea, Kolkata ","Kolkata(cts/Kg)","US Dollars"
"IMF","IMF: Primary Commodity Price System","PTEAMOM","Tea, Mombasa ","Tea; Mombasa Auction price","US Dollars"
"IMF","IMF: Primary Commodity Price System","PTEASL","Tea, Colombo ","Colombo(cts/Kg)","US Dollars"
"IMF","IMF: Primary Commodity Price System","PTIMB","Timber index ","Timber Index, 2016 = 100, includes Hardwood and Softwood Price Indices","Index (2016 = 100)"
"IMF","IMF: Primary Commodity Price System","PTIN","Tin ","Tin, standard grade, LME spot price, US$ per metric ton","US Dollars"
"IMF","IMF: Primary Commodity Price System","PTOMATO","Vegetables, Tomato","Monthly average consumer prices in metropolitan France - Tomatoes (1 Kg), EUR","US Dollars"
"IMF","IMF: Primary Commodity Price System","PURAN","Uranium ","Uranium, NUEXCO, Restricted Price, Nuexco exchange spot, US$ per pound","US Dollars"
"IMF","IMF: Primary Commodity Price System","PUREA","Urea","US Gulf NOLA Urea Granular Spot Price, USD/ST","US Dollars"
"IMF","IMF: Primary Commodity Price System","PVANPENT","Vanadium","Vanadium pentoxide, CIF North West Europe, USD/metric ton","US Dollars"
"IMF","IMF: Primary Commodity Price System","PVOIL","Vegetable oil index ","Vegetable Oil Index, 2016 = 100, includes Soybean, Soybean Meal, Soybean Oil, Coconut Oil, Palm Oil, Sunflower Oil and Olive Oil Price Indices","Index (2016 = 100)"
"IMF","IMF: Primary Commodity Price System","PWHEAMT","Wheat ","Wheat, No.1 Hard Red Winter, ordinary protein, Kansas City, US$ per metric ton","US Dollars"
"IMF","IMF: Primary Commodity Price System","PWOOL","Wool index ","Wool Index, 2016 = 100, includes Coarse and Fine Wool Price Indices","Index (2016 = 100)"
"IMF","IMF: Primary Commodity Price System","PWOOLC","Wool, Coarse ","Wool, coarse, 23 micron, Australian Wool Exchange spot quote, US cents per kilogram","US Dollars"
"IMF","IMF: Primary Commodity Price System","PWOOLF","Wool, Fine ","Wool, fine, 19 micron, Australian Wool Exchange spot quote, US cents per kilogram","US Dollars"
"IMF","IMF: Primary Commodity Price System","PZINC","Zinc ","Zinc, high grade 98% pure, US$ per metric ton","US Dollars"
"WB","World Bank: Commodity Prices (Pink Sheet)","iAGRICULTURE","Agriculture","The Agriculture price index comprises three sub-indices: Beverages (12.9 percent), Food (61.7 percent), and Raw Materials (25.4 percent).","Index (2010 = 100)"
"WB","World Bank: Commodity Prices (Pink Sheet)","ALUMINUM","Aluminum","Aluminum (LME) London Metal Exchange, unalloyed primary ingots, high grade, minimum 99.7 percent purity, settlement price beginning 2005; previously cash price.","$/mt"
"WB","World Bank: Commodity Prices (Pink Sheet)","BANANA_EU","Banana, Europe","Bananas (Central & South America), major brands, free on truck (f.o.t.) Southern Europe, including duties; prior to October 2006, f.o.t. Hamburg.","$/kg"
"WB","World Bank: Commodity Prices (Pink Sheet)","BANANA_US","Banana, US","Bananas (Central & South America), major brands, US import price, free on truck (f.o.t.) US Gulf ports.","$/kg"
"WB","World Bank: Commodity Prices (Pink Sheet)","BARLEY","Barley","Barley (US) feed, No. 2, spot, 20 days To-Arrive, delivered Minneapolis from May 2012 onwards; during 1980 - 2012 April Canadian, feed, Western No. 1, Winnipeg Commodity Exchange, spot, wholesale farmers' price.","$/mt"
"WB","World Bank: Commodity Prices (Pink Sheet)","iBASEMET","Base Metals (ex. iron ore)","The Base Metals price index comprises six commodities: Aluminum (32.9 percent), Copper (47.4 percent), Lead (2.2 percent), Nickel (9.9 percent), Tin (2.6 percent), and Zinc (5.0 percent). It is a subset of the Metals and Minerals price index, which includes the same six commodities plus iron ore.","Index (2010 = 100)"
"WB","World Bank: Commodity Prices (Pink Sheet)","BEEF","Beef","Beef (Australia/New Zealand), mixed trimmings 85 percent, East Coast, 7-45 day deferred delivery, free on board (f.o.b.) port of entry, beginning January 1995; previously cow forequarters.","$/kg"
"WB","World Bank: Commodity Prices (Pink Sheet)","iBEVERAGES","Beverages","The Beverages price index comprises three commodities: Coffee (45.7 percent), Cocoa (36.9 percent), and Tea (17.4 percent).","Index (2010 = 100)"
"WB","World Bank: Commodity Prices (Pink Sheet)","CHICKEN","Chicken","Chicken (US), Urner Barry North East weighted average for broiler/fryer, whole birds, 2.5 to 3.5 pounds, US Department of Agriculture (USDA) grade 'A' from 2013 onwards; 1980-2012, Georgia Dock weighted average, 2.5 to 3 pounds, wholesale; previously World Bank estimates.","$/kg"
"WB","World Bank: Commodity Prices (Pink Sheet)","COAL_AUS","Coal, Australian","Coal (Australia), from February 2022, port thermal, free on board (f.o.b.) Newcastle, 6000 kcal/kg futures price. From 2015 to January 2022, port thermal, f.o.b. Newcastle, 6000 kcal/kg spot price. 2002-2014, thermal GAR, f.o.b. piers, Newcastle/Port Kembla , 6,300 kcal/kg (11,340 btu/lb), less than 0.8 percent, sulfur 13 percent ash; previously 6,667 kcal/kg (12,000 btu/lb), less than 1.0 percent sulfur, 14 percent ash.","$/mt"
"WB","World Bank: Commodity Prices (Pink Sheet)","COAL_SAFRICA","Coal, South African **","Coal (South Africa), from January 2015, free on board (f.o.b.) Richards Bay, net as received (NAR), 6,000 kcal/kg, sulfur less than 1 percent, forward month 1; from February 13, 2017 to December 2017, thermal NAR netback assessment f.o.b. Richards Bay 6,000 kcal/kg; during 2006-February 10, 2017 thermal NAR; during 2002-2005 6,200 kcal/kg (11,200 btu/lb), less than 1.0 percent, sulfur 16 percent ash; years 1990-2001 6390 kcal/kg (11,500 btu/lb).","$/mt"
"WB","World Bank: Commodity Prices (Pink Sheet)","COCOA","Cocoa","Cocoa (ICCO), International Cocoa Organization daily price, average of the first three positions on the terminal markets of New York and London, nearest three future trading months.","$/kg"
"WB","World Bank: Commodity Prices (Pink Sheet)","COCONUT_OIL","Coconut oil","Coconut oil (Philippines/Indonesia), from January 2021, crude, cost, insurance, and freight (c.i.f.) Rotterdam; January 1999 to December 2020, crude, c.i.f. NW Europe; previously, bulk, c.i.f. Rotterdam.","$/mt"
"WB","World Bank: Commodity Prices (Pink Sheet)","COFFEE_ARABIC","Coffee, Arabica","Coffee (ICO), International Coffee Organization indicator price, other mild Arabicas, average New York and Bremen/Hamburg markets, ex-dock.","$/kg"
"WB","World Bank: Commodity Prices (Pink Sheet)","COFFEE_ROBUS","Coffee, Robusta","Coffee (ICO), International Coffee Organization indicator price, Robustas, average New York and Le Havre/Marseilles markets, ex-dock.","$/kg"
"WB","World Bank: Commodity Prices (Pink Sheet)","COPPER","Copper","Copper (LME), grade A, minimum 99.9935 percent purity, cathodes and wire bar shapes, settlement price.","$/mt"
"WB","World Bank: Commodity Prices (Pink Sheet)","COTTON_A_INDX","Cotton, A Index","Cotton (Cotton Outlook 'CotlookA index'), middling 1-3/32 inch, traded in Far East, C/F beginning 2006; previously Northern Europe, cost, insurance, and freight (c.i.f.).","$/kg"
"WB","World Bank: Commodity Prices (Pink Sheet)","CRUDE_BRENT","Crude oil, Brent","Crude oil, UK Brent 38` API.","$/bbl"
"WB","World Bank: Commodity Prices (Pink Sheet)","CRUDE_DUBAI","Crude oil, Dubai","Crude oil, Dubai Fateh 32` API for years 1985-present; 1960-84 refer to Saudi Arabian Light, 34` API.","$/bbl"
"WB","World Bank: Commodity Prices (Pink Sheet)","CRUDE_WTI","Crude oil, WTI","Crude oil, US, West Texas Intermediate (WTI) 40` API.","$/bbl"
"WB","World Bank: Commodity Prices (Pink Sheet)","CRUDE_PETRO","Crude oil, average","Crude oil, average spot price of Brent, Dubai and West Texas Intermediate, equally weighed.","$/bbl"
"WB","World Bank: Commodity Prices (Pink Sheet)","DAP","DAP","DAP (diammonium phosphate), spot, free on board (f.o.b.) US Gulf.","$/mt"
"WB","World Bank: Commodity Prices (Pink Sheet)","iENERGY","Energy","The Energy price index comprises three commodities: Coal (4.7 percent), Crude Oil (84.6 percent), and Natural Gas (10.8 percent).","Index (2010 = 100)"
"WB","World Bank: Commodity Prices (Pink Sheet)","iFERTILIZERS","Fertilizers **","The Fertilizers price index comprises four commodities: Natural Phosphate Rock (16.9 percent), Phosphate (21.7 percent), Potassium (20.1 percent), and Nitrogenous (41.3 percent).","Index (2010 = 100)"
"WB","World Bank: Commodity Prices (Pink Sheet)","FISH_MEAL","Fish meal","Fishmeal, from January 2021, German Fishmeal, Danish 64 percent Pro, free on board (f.o.b.) Bremen; January 1999 to December 2020, German, 64 percent protein, Ex Works (EXW) Hamburg.","$/mt"
"WB","World Bank: Commodity Prices (Pink Sheet)","iFOOD","Food","The Food price index comprises three sub-indices: Cereals/Grains (28.2 percent), Vegetable Oils and Meals (40.8 percent), and Other Food (31.0 percent).","Index (2010 = 100)"
"WB","World Bank: Commodity Prices (Pink Sheet)","GOLD","Gold","Gold (UK), 99.5 percent fine, London afternoon fixing, average of daily rates.","$/troy oz"
"WB","World Bank: Commodity Prices (Pink Sheet)","iGRAINS","Grains","The Grains (or Cereals) price index comprises four commodities: Rice (30.1 percent), Wheat (25.2 percent), Maize (40.7 percent), and Barley (4.1 percent).","Index (2010 = 100)"
"WB","World Bank: Commodity Prices (Pink Sheet)","GRNUT_OIL","Groundnut oil **","Groundnut oil, Dutch Refined GroundNut Oil any origin (A/O), Ex Tank Rotterdam, beginning December 2020; January 1999-November 2020, US crude, free on board (f.o.b.) South-East; previously any origin, cost, insurance, and freight (c.i.f.) Rotterdam.","$/mt"
"WB","World Bank: Commodity Prices (Pink Sheet)","GRNUT","Groundnuts","Groundnuts (US), Runners 40/50, cost and freight (cfr) N.W. Europe. Europe beginning January 1999; previously (US), Runners 40/50 shelled basis, cost, insurance, and freight (c.i.f.). Rotterdam.","$/mt"
"WB","World Bank: Commodity Prices (Pink Sheet)","IRON_ORE","Iron ore, cfr spot","Iron ore, spot in US dollar/dry ton and contract in US cents/dmtu. For years 2008 (December) to present, spot, (any origin) fines, 62 percent Fe, c.f.r. China; during 2006 to 2008 (November) spot, 63.5 percent Fe. Earlier data refer to annual contract prices (Brazil for Europe,) VALE Carajas mines sinter feed, free on board (f.o.b.) Ponta da Madeira during years 1987-2009; Itabira mines f.o.b. Tubarao for years 1960-86. Unit dmtu denotes dry metric ton unit , i.e. 1 percent Fe-unit.","$/dmtu"
"WB","World Bank: Commodity Prices (Pink Sheet)","LAMB","Lamb **","Lamb (US), boxed lamb cuts, leg, double, trotter-on, less than truckload (LTL) pricing, from August 2010; previously, (New Zealand) frozen whole carcasses Prime Medium (PM) wholesale, Smithfield, London beginning January 2006; previously Prime Light (PL).","$/kg"
"WB","World Bank: Commodity Prices (Pink Sheet)","LEAD","Lead","Lead (LME), refined, 99.97 percent purity, settlement price.","$/mt"
"WB","World Bank: Commodity Prices (Pink Sheet)","NGAS_JP","Liquefied natural gas, Japan","Liquefied natural gas (Japan), LNG, import price, cost, insurance, and freight (c.i.f.); recent two months' averages are estimates.","$/mmbtu"
"WB","World Bank: Commodity Prices (Pink Sheet)","LOGS_CMR","Logs, Cameroon","Logs (Africa), sapele, high quality (loyal and marchand), 80 centimeter or more, free on board (f.o.b.) Douala, Cameroon beginning January 1996; previously of unspecified dimension.","$/cubic meter"
"WB","World Bank: Commodity Prices (Pink Sheet)","LOGS_MYS","Logs, Malaysian","Logs (Southeast Asia), meranti, Sarawak, sale price charged by importers, Tokyo beginning February 1993; previously average of Sabah and Sarawak weighted by Japanese import volumes.","$/cubic meter"
"WB","World Bank: Commodity Prices (Pink Sheet)","MAIZE","Maize","Maize (US), no. 2, yellow, free on board (f.o.b.) US Gulf ports.","$/mt"
"WB","World Bank: Commodity Prices (Pink Sheet)","iMETMIN","Metals  & Minerals","The Metals and Minerals price index comprises seven commodities: Aluminum (26.7 percent), Copper (38.4 percent), Iron Ore (18.9 percent), Lead (1.8 percent), Nickel (8.1 percent), Tin (2.1 percent), and Zinc (4.1 percent).","Index (2010 = 100)"
"WB","World Bank: Commodity Prices (Pink Sheet)","iNATGAS","Natural gas index","Natural gas index (Laspeyres), average of Europe, US and Japan (LNG), weights based on 5-year average consumption volumes, updated every 5 years, except the 11-year period 1960-70.","Index (2010=100)"
"WB","World Bank: Commodity Prices (Pink Sheet)","NGAS_EUR","Natural gas, Europe","Natural Gas (Europe), from April 2015, Netherlands Title Transfer Facility (TTF); April 2010 to March 2015, average import border price and a spot price component, including UK; during June 2000 - March 2010 prices excludes UK.","$/mmbtu"
"WB","World Bank: Commodity Prices (Pink Sheet)","NGAS_US","Natural gas, US","Natural Gas (US), spot price at Henry Hub, Louisiana.","$/mmbtu"
"WB","World Bank: Commodity Prices (Pink Sheet)","NICKEL","Nickel","Nickel (LME), cathodes, minimum 99.8 percent purity, settlement price beginning 2005; previously cash price.","$/mt"
"WB","World Bank: Commodity Prices (Pink Sheet)","iNONFUEL","Non-energy","The Non-Energy price index comprises three sub-indices: Metals and Minerals (31.6 percent), Agriculture (64.9 percent), and Fertilizer (3.6 percent).","Index (2010 = 100)"
"WB","World Bank: Commodity Prices (Pink Sheet)","iFATS_OILS","Oils & Meals","The Vegetable Oils and Meals price index comprises six commodities: Soybeans (24.6 percent), Soybean Oil (13.0 percent), Soybean Meal (26.3 percent), Palm Oil (30.2 percent), Coconut Oil (3.1 percent), and Groundnut Oil (2.8 percent).","Index (2010 = 100)"
"WB","World Bank: Commodity Prices (Pink Sheet)","ORANGE","Orange","Oranges (Mediterranean exporters) navel, European Union indicative import price, cost, insurance, and freight (c.i.f.). Paris.","$/kg"
"WB","World Bank: Commodity Prices (Pink Sheet)","iOTHERFOOD","Other Food","The Other Food price index comprises five commodities: Sugar (31.5 percent), Bananas (15.7 percent), Beef (22.0 percent), Chicken (19.2 percent), and Oranges (11.6 percent).","Index (2010 = 100)"
"WB","World Bank: Commodity Prices (Pink Sheet)","iOTHERRAWMAT","Other Raw Mat.","The Other Raw Materials price index comprises three commodities: Cotton (24.7 percent), Natural Rubber (46.7 percent), and Tobacco (28.7 percent).","Index (2010 = 100)"
"WB","World Bank: Commodity Prices (Pink Sheet)","PLMKRNL_OIL","Palm kernel oil","Palm kernel oil (Malaysia/Indonesia), from January 2021, crude cost, insurance, and freight (c.i.f.) Rotterdam; August 2001 to December 2020, crude, c.i.f. NW Europe; previously Malaysian, nearest forward.","$/mt"
"WB","World Bank: Commodity Prices (Pink Sheet)","PALM_OIL","Palm oil","Palm oil (Malaysia), from January 2021, refined, bleached, and deodorized (RBD), free on board (f.o.b.) Malaysia Ports; December 2001 to December 2020, refined, bleached, and deodorized (RBD), cost, insurance, and freight (c.i.f.) Rotterdam; previously Malaysia 5 percent, c.i.f. N.W. Europe, bulk, nearest forward.","$/mt"
"WB","World Bank: Commodity Prices (Pink Sheet)","PHOSROCK","Phosphate rock","Phosphate rock , free on board (f.o.b.) North Africa.","$/mt"
"WB","World Bank: Commodity Prices (Pink Sheet)","PLATINUM","Platinum","Platinum (UK), 99.9 percent refined, London afternoon fixing.","$/troy oz"
"WB","World Bank: Commodity Prices (Pink Sheet)","PLYWOOD","Plywood","Plywood (Africa and Southeast Asia), Lauan, 3-ply, extra, 91 cm x 182 cm x 4 mm, wholesale price, spot Tokyo.","cents/sheet"
"WB","World Bank: Commodity Prices (Pink Sheet)","POTASH","Potassium chloride **","Potassium chloride (muriate of potash), free on board (f.o.b.) Vancouver.","$/mt"
"WB","World Bank: Commodity Prices (Pink Sheet)","iPRECIOUSMET","Precious Metals","The Precious Metals price index comprises three commodities: Gold (77.8 percent), Silver (18.9 percent), and Platinum (3.3 percent).","Index (2010 = 100)"
"WB","World Bank: Commodity Prices (Pink Sheet)","RAPESEED_OIL","Rapeseed oil","Rapeseed oil, commodity price.","$/mt"
"WB","World Bank: Commodity Prices (Pink Sheet)","iRAW_MATERIAL","Raw Materials","The Agricultural Raw Materials price index comprises two sub-indices: Timber (52.2 percent), and Other Raw Materials (47.8 percent).","Index (2010 = 100)"
"WB","World Bank: Commodity Prices (Pink Sheet)","RICE_25","Rice, Thai 25%","Rice (Thailand), 25 percent broken, white rice (WR), milled indicative survey price, government standard, free on board (f.o.b.) Bangkok.","$/mt"
"WB","World Bank: Commodity Prices (Pink Sheet)","RICE_05","Rice, Thai 5%","Rice (Thailand), 5 percent broken, white rice (WR), milled, indicative price based on weekly surveys of export transactions, government standard, free on board (f.o.b.) Bangkok.","$/mt"
"WB","World Bank: Commodity Prices (Pink Sheet)","RICE_A1","Rice, Thai A.1","Rice (Thailand), 100 percent broken, A.1 Super from 2006 onwards, government standard, free on board (f.o.b.) Bangkok; prior to 2006, A1 Special, a slightly lower grade than A1 Super.","$/mt"
"WB","World Bank: Commodity Prices (Pink Sheet)","RICE_05_VNM","Rice, Viet Namese 5%","Rice (Vietnam), 5 percent broken, white rice (WR), milled, weekly indicative survey price, Minimum Export Price, free on board (f.o.b.) Hanoi.","$/mt"
"WB","World Bank: Commodity Prices (Pink Sheet)","RUBBER1_MYSG","Rubber, RSS3","Rubber (Asia), RSS3 grade, Singapore Commodity Exchange Ltd (SICOM) nearby contract beginning 2004; during 2000 to 2003, Singapore RSS1; previously Malaysia RSS1.","$/kg"
"WB","World Bank: Commodity Prices (Pink Sheet)","RUBBER_TSR20","Rubber, TSR20 **","Rubber (Asia), TSR 20, Technically Specified Rubber, Singapore Exchange Ltd (SGX previously SICOM) nearby futures contract.","$/kg"
"WB","World Bank: Commodity Prices (Pink Sheet)","SAWNWD_CMR","Sawnwood, Cameroon","Sawnwood (Africa), sapele, width 6 inches or more, length 6 feet or more, f.a.s. Cameroonian ports.","$/cubic meter"
"WB","World Bank: Commodity Prices (Pink Sheet)","SAWNWD_MYS","Sawnwood, Malaysian","Sawnwood (Southeast Asia), dark red seraya/meranti, select and better quality, average 7 to 8 inches; length average 12 to 14 inches; thickness 1 to 2 inch(es); kiln dry, c. & f. UK ports, with 5 percent agents commission including premium for products of certified sustainable forest beginning January 2005; previously excluding the premium.","$/cubic meter"
"WB","World Bank: Commodity Prices (Pink Sheet)","SHRIMP_MEX","Shrimps, Mexican","Shrimp (US), brown, shell-on, headless, in frozen blocks, source Gulf of Mexico, 26 to 30 count per pound, wholesale US beginning 2004; previously New York.","$/kg"
"WB","World Bank: Commodity Prices (Pink Sheet)","SILVER","Silver","Silver (UK), 99.9 percent refined, London afternoon fixing; prior to July 1976 Handy & Harman. Grade prior to 1962 unrefined silver.","$/troy oz"
"WB","World Bank: Commodity Prices (Pink Sheet)","SORGHUM","Sorghum","Sorghum (US), no. 2 milo yellow, Texas export bids for grain delivered to export elevators, rail-truck, free on board (f.o.b.) Gulf ports.","$/mt"
"WB","World Bank: Commodity Prices (Pink Sheet)","SOYBEAN_MEAL","Soybean meal","Soybean meal, from January 2021, Soybean Pellets 48 percent Pro, Brazil, cost, insurance, and freight (c.i.f.) Rotterdam; January 1999 to December 2020, Brazilian pellets 48 percent protein, c.i.f. Rotterdam; during 1990 - 1998, 45/46 percent c.i.f. Rotterdam, nearest forward; previously US origin 44 percent.","$/mt"
"WB","World Bank: Commodity Prices (Pink Sheet)","SOYBEAN_OIL","Soybean oil","Soybean oil, from January 2021, Dutch Soyoil Crude Degummed, Ex Works (EXW) Dutch Mills; January 1999 to December 2020, Dutch crude degummed, free on board (f.o.b.) NW Europe; previously crude, f.o.b. ex-mill Netherlands, nearest forward.","$/mt"
"WB","World Bank: Commodity Prices (Pink Sheet)","SOYBEANS","Soybeans","Soybeans, from January 2021, U.S Gulf Yellow Soybean #2, cost, insurance, and freight (c.i.f.) Rotterdam; December 2007 to December 2020, US No. 2 yellow meal, c.i.f. Rotterdam; previously US origin, nearest forward.","$/mt"
"WB","World Bank: Commodity Prices (Pink Sheet)","SUGAR_EU","Sugar, EU","Sugar (EU), European Union negotiated import price for raw unpackaged sugar from African, Caribbean and Pacific (ACP) under Lome Conventions, cost, insurance, and freight (CIF). European ports.","$/kg"
"WB","World Bank: Commodity Prices (Pink Sheet)","SUGAR_US","Sugar, US","Sugar (US), nearby futures contract, cost, insurance, and freight (c.i.f.).","$/kg"
"WB","World Bank: Commodity Prices (Pink Sheet)","SUGAR_WLD","Sugar, world","Sugar (World), International Sugar Agreement (ISA) daily price, raw, free on board (f.o.b.) and stowed at greater Caribbean ports.","$/kg"
"WB","World Bank: Commodity Prices (Pink Sheet)","SUNFLOWER_OIL","Sunflower oil","Sunflower oil, from September 2020, Dutch Sunseed Oil, free on board (f.o.b.) Rotterdam; February 2011 to August 2020, European crude, f.o.b. Rotterdam; previously, EU f.o.b NW Europe ports.","$/mt"
"WB","World Bank: Commodity Prices (Pink Sheet)","TSP","TSP","TSP (triple superphosphate), spot, import US Gulf.","$/mt"
"WB","World Bank: Commodity Prices (Pink Sheet)","TEA_COLOMBO","Tea, Colombo","Tea (Colombo auctions), Sri Lankan origin, all tea, arithmetic average of weekly quotes.","$/kg"
"WB","World Bank: Commodity Prices (Pink Sheet)","TEA_KOLKATA","Tea, Kolkata","Tea (Kolkata auctions), leaf, include excise duty, arithmetic average of weekly quotes.","$/kg"
"WB","World Bank: Commodity Prices (Pink Sheet)","TEA_MOMBASA","Tea, Mombasa","Tea (Mombasa/Nairobi auctions), African origin, all tea, arithmetic average of weekly quotes.","$/kg"
"WB","World Bank: Commodity Prices (Pink Sheet)","TEA_AVG","Tea, avg 3 auctions","Tea , average three auctions, arithmetic average of quotations at Kolkata, Colombo and Mombasa/Nairobi.","$/kg"
"WB","World Bank: Commodity Prices (Pink Sheet)","iTIMBER","Timber","The Timber price index comprises two commodities: Logs (22.1 percent) and Sawnwood (77.9 percent).","Index (2010 = 100)"
"WB","World Bank: Commodity Prices (Pink Sheet)","Tin","Tin","Tin (LME), refined, 99.85 percent purity, settlement price.","$/mt"
"WB","World Bank: Commodity Prices (Pink Sheet)","TOBAC_US","Tobacco, US import u.v.","Tobacco (any origin), unmanufactured, general import, cost, insurance, and freight (c.i.f.), US.","$/mt"
"WB","World Bank: Commodity Prices (Pink Sheet)","UREA_EE_BULK","Urea","Urea, (Ukraine), prill spot free on board (f.o.b.) Middle East, beginning March 2022; previously, f.o.b. Black Sea.","$/mt"
"WB","World Bank: Commodity Prices (Pink Sheet)","WHEAT_US_HRW","Wheat, US HRW","Wheat (US), no. 2 hard red winter Gulf export price; June 2020 backwards, no. 1, hard red winter, ordinary protein, export price delivered at the US Gulf port for prompt or 30 days shipment.","$/mt"
"WB","World Bank: Commodity Prices (Pink Sheet)","WHEAT_US_SRW","Wheat, US SRW","Wheat (US), no. 2, soft red winter, export price delivered at the US Gulf port for prompt or 30 days shipment.","$/mt"
"WB","World Bank: Commodity Prices (Pink Sheet)","Zinc","Zinc","Zinc (LME), high grade, minimum 99.95 percent purity, settlement price beginning April 1990; previously special high grade, minimum 99.995 percent, cash prices.","$/mt"
"WB","World Bank: Commodity Prices (Pink Sheet)","INFERRED_OVERALL","Overall Index, Inferred","The World Bank does not provide a calculation of an overall or total index. It provides 3 topline indices: Energy, Non-energy, and Precious Metals; without any indication or calculation of the respective weight of these within the commodities market.",
"WB","World Bank: Commodity Prices (Pink Sheet)","INFERRED_COAL","Coal Index, Inferred","Coal is reported to make up 4.65% of the Energy Index. There are two Coal commodity prices quoted; therefore it is assumed that each one makes up 50% of the Coal index.",
"WB","World Bank: Commodity Prices (Pink Sheet)","INFERRED_RICE","Rice Index, Inferred","Rice is reported to make up 30.1% of the Cereals Index. There are four Rice commodity prices quoted; therefore it is assumed that each one makes up 25% of the Rice index.",
"WB","World Bank: Commodity Prices (Pink Sheet)","INFERRED_WHEAT","Wheat Index, Inferred","Wheat is reported to make up 25.2% of the Cereals Index. There are two Wheat commodity prices quoted; therefore it is assumed that each one makes up 50% of the Wheat index.",
"WB","World Bank: Commodity Prices (Pink Sheet)","INFERRED_MAIZE","Maize Index, Inferred","Maize is reported to make up 40.7% of the Cereals Index. There are two Maize commodity prices quoted; therefore it is assumed that each one makes up 50% of the Maize index.",
"WB","World Bank: Commodity Prices (Pink Sheet)","INFERRED_GNUTS","Groundnut Index, Inferred","Groundnuts are reported to make up 2.8% of the Oils and Fats Index. There are two Groundnut commodity prices quoted (groundnuts and groundnut oil); therefore it is assumed that each one makes up 50% of the Groundnut index.",
"WB","World Bank: Commodity Prices (Pink Sheet)","INFERRED_SUGAR","Sugar Index, Inferred","Sugar is reported to make up 31.5% of the Other Food Index. There are three Sugar commodity prices quoted; therefore it is assumed that each one makes up 33.3% of the Sugar index.",
"WB","World Bank: Commodity Prices (Pink Sheet)","INFERRED_BANANAS","Banana Index, Inferred","Bananas are reported to make up 15.7% of the Other Food Index. There are two Banana commodity prices quoted; therefore it is assumed that each one makes up 50% of the Banana index.",
"WB","World Bank: Commodity Prices (Pink Sheet)","INFERRED_COFFEE","Coffee Index, Inferred","Coffee is reported to make up 45.7% of the Beverage Index. There are two Coffee commodity prices quoted; therefore it is assumed that each one makes up 50% of the Coffee index.",
"WB","World Bank: Commodity Prices (Pink Sheet)","INFERRED_RUBBER","Rubber Index, Inferred","Rubber is reported to make up 46.7% of the Other Raw Materials Index. There are two Rubber commodity prices quoted; therefore it is assumed that each one makes up 50% of the Rubber index.",
"WB","World Bank: Commodity Prices (Pink Sheet)","INFERRED_LOGS","Logs Index, Inferred","Logs are reported to make up 22.1% of the Timber Index. There are two Logs commodity prices quoted; therefore it is assumed that each one makes up 50% of the Logs index.",
"WB","World Bank: Commodity Prices (Pink Sheet)","INFERRED_SWOOD","Sawnwood Index, Inferred","Sawnwood is reported to make up 77.9% of the Timber Index. There are two Sawnwood commodity prices quoted; therefore it is assumed that each one makes up 50% of the Sawnwood index.",
"IMF","IMF: Primary Commodity Price System","INFERRED_OTHERFOOD","Other Food, Inferred","Other Food is reported to make up 30.22% of the Food Index; and consists of eight commodities, each with given weights within this index. However, there is no accompanying data calculating this index value.",
